{"_wandb":{"runtime":450},"train_runtime":439.5972,"_runtime":450,"train/mean_token_accuracy":0.7000575150762286,"train/grad_norm":3.6738150119781494,"eval/loss":1.8535435199737549,"train/num_tokens":136384,"eval/mean_token_accuracy":0.6841657223433433,"_step":6,"eval/steps_per_second":1.667,"_timestamp":1.7723990839944468e+09,"train_steps_per_second":0.045,"train_loss":1.8335898876190186,"total_flos":3.97075617404928e+14,"train/global_step":20,"eval/runtime":202.732,"train/epoch":2,"eval/samples_per_second":13.318,"train_samples_per_second":1.365,"eval/num_tokens":136384,"train/learning_rate":1.3333333333333334e-06,"train/loss":1.7502}