{"eval/mean_token_accuracy":0.745526760640229,"eval/runtime":223.3735,"train_samples_per_second":1.287,"train/num_tokens":136384,"train_steps_per_second":0.043,"_runtime":478,"_wandb":{"runtime":478},"eval/num_tokens":136384,"train/grad_norm":7.411458492279053,"train_runtime":466.1396,"_timestamp":1.7723986203314712e+09,"eval/steps_per_second":1.513,"train/learning_rate":1.3333333333333334e-06,"train/loss":1.3828,"train/global_step":20,"train_loss":1.5163617849349975,"train/epoch":2,"eval/loss":1.4393072128295898,"_step":6,"eval/samples_per_second":12.087,"train/mean_token_accuracy":0.7546583362988063,"total_flos":3.97075617404928e+14}