{"train/mean_token_accuracy":0.8303221089499337,"train/epoch":2,"eval/steps_per_second":1.612,"eval/mean_token_accuracy":0.8335685933891096,"train/loss":0.9858,"train/grad_norm":2.318490982055664,"_timestamp":1.772400935554543e+09,"train/learning_rate":1.2121212121212122e-07,"train/global_step":170,"train_runtime":630.9823,"train_steps_per_second":0.269,"eval/runtime":23.573,"train_loss":1.2999476853538963,"total_flos":3.470742672900096e+15,"_step":51,"eval/samples_per_second":12.726,"eval/loss":0.9886599779129028,"train_samples_per_second":8.558,"_runtime":648,"_wandb":{"runtime":648},"train/num_tokens":1.206246e+06,"eval/num_tokens":1.206246e+06}