{"eval/num_tokens":1.206246e+06,"train_runtime":592.539,"_step":51,"train/grad_norm":2.294379711151123,"train_samples_per_second":9.113,"_timestamp":1.7724002944406006e+09,"eval/steps_per_second":1.791,"train_loss":0.8510166995665607,"train/global_step":170,"eval/runtime":21.2214,"train/mean_token_accuracy":0.8570658309119088,"_wandb":{"runtime":608},"train_steps_per_second":0.287,"train/loss":0.5986,"eval/loss":0.5850319266319275,"total_flos":3.470742672900096e+15,"train/epoch":2,"train/learning_rate":1.2121212121212122e-07,"eval/samples_per_second":14.137,"train/num_tokens":1.206246e+06,"eval/mean_token_accuracy":0.864127766144903,"_runtime":608}